media_desconto;media_preco
292.46666666666664;203.8603333333334
