variancia_desconto;variancia_preco
226.22222222222229;667.8609965555555
