dp_desconto;dp_preco
25.84300672436463;15.040685563571305
